gene	gene_lfc_positive	fdr_gene_positive
araA	0.5965650735967347	8.714501538667825e-19
ycjP	0.6125570648466315	3.271115845514429e-13
dnaJ	0.5446180587898776	7.542529446817899e-10
ompF	0.8027167506086524	3.3335440036149096e-09
recC	0.4159524291680413	3.3335440036149096e-09
kdpA	0.5075845145322407	7.37639474771305e-09
exuT	0.5242897102398384	1.8656760947761036e-08
secF	0.511295474555453	2.565189535816891e-08
gntX	0.7509357941014606	7.073068266962761e-08
yhfK	0.5824512090103557	9.208677586208288e-08
relA	0.6014466135044677	1.2921511997585318e-07
rzoR	0.5101082267669063	1.3288302281230604e-07
fdrA	0.4177087831239459	2.098626548738086e-07
yacH	0.47516618303086	3.0260354025780274e-07
thiM	0.5203051904855845	4.506401476493678e-07
yqiK	0.5796206887885729	4.506401476493678e-07
cytR	0.5313708099390482	4.5831293283127064e-07
pqqL	0.6496431761253145	5.77332647218832e-07
curA	0.538475422359498	6.60717387277986e-07
yafX	0.4784725588508504	6.891315059445279e-07
hrpA	0.4253284256976653	6.891315059445279e-07
pinR	0.7807111045938173	9.138318022993475e-07
pinQ	0.7807111045938173	9.138318022993475e-07
sstT	0.5418335367833867	9.138318022993475e-07
sugE	0.718528296554604	9.138318022993475e-07
frmA	0.6801987600124622	9.138318022993475e-07
plsX	0.47595419776598297	9.138318022993475e-07
hyfH	0.4129854355106073	9.758512537690864e-07
rhsC	0.43440261933052016	1.4527724941975758e-06
yghJ	0.4174000496826847	1.4942493115811593e-06
rhsA	0.43765569750693134	1.4942493115811593e-06
ugpQ	0.42029896559386265	1.4942493115811593e-06
rhsB	0.43414569880951365	1.51185654150154e-06
topB	0.5731557420338566	1.6406211315397852e-06
fryC	0.412591891073494	3.2707936963004156e-06
selB	0.6076192438348044	3.2707936963004156e-06
yhcG	0.45997311081076425	3.2707936963004156e-06
ccmC	0.46618137892577405	4.964271488248179e-06
yaiV	0.6275521568591118	5.219076630991992e-06
yigE	0.5218904816739494	5.883228901356134e-06
ycbF	0.40493757256654095	7.665033316464175e-06
argP	0.489445711415999	7.665033316464175e-06
tatB	0.4967863161478496	7.665033316464175e-06
ptsP	0.6410030349493839	7.665033316464175e-06
rpoC	0.48246557070046875	8.475708509151717e-06
flu	0.5065478483642405	1.1464178229930798e-05
murI	0.6105252844431305	1.1573200942574746e-05
yihN	0.4792162641924301	1.1865948455619347e-05
fecA	0.42095332256720164	1.211820313694623e-05
fhuC	0.5686281960440591	1.2380198522194345e-05
yphE	0.6300972236555681	1.2380198522194345e-05
fes	0.5518270307169338	1.3643162929148061e-05
afuC	0.47708959444441124	1.4079030602581055e-05
purN	0.44596865868046703	1.6199839630189833e-05
alpA	0.46574007126080263	1.6199839630189833e-05
ycbL	1.0288495739668078	1.636005486453382e-05
metL	0.3947164605851895	1.7974363872767235e-05
deoB	0.4361313953721593	1.854759343740968e-05
yhiN	0.4570857809184908	1.8606345580744144e-05
yegH	0.4279887389886707	1.8796237071469773e-05
yciV	0.4130357791954996	2.2594862972982486e-05
bcsB	0.5481508185807848	2.530978761359401e-05
ybgL	0.4389523987965507	2.5505670782076627e-05
nirC	0.5045000827397552	2.6617461737372983e-05
fecB	0.46812336483959555	2.7480710684083703e-05
gspF	0.48942737271441544	2.8514409282896472e-05
mlrA	0.5092936915756224	2.9799002918203958e-05
mlaC	0.5085927684611617	2.9799002918203958e-05
yiaD	0.5435833660410568	3.0179613275686558e-05
yjjI	0.680583559119804	3.0179613275686558e-05
typA	0.44378776285522564	3.0179613275686558e-05
ligA	0.6475234310064895	3.0179613275686558e-05
gspD	0.6242933657247942	3.0179613275686558e-05
cheB	0.46189025289804914	3.1262351811221506e-05
ycbX	0.6083140598528333	3.280801443470199e-05
entC	0.42021659191777383	3.3987912641236026e-05
wecB	0.4777474942959666	3.3987912641236026e-05
tamA	0.5566537249806554	3.3987912641236026e-05
ykgO	0.4198840128646798	3.581064475535009e-05
paaH	0.4863655580995802	3.581064475535009e-05
livH	0.5330190629752611	3.7168464193652606e-05
metJ	0.5514532418484099	3.7498045715593575e-05
ytfH	0.701391254557568	4.034347684416475e-05
yhhQ	0.4923404587322357	4.092927840857839e-05
avtA	0.4556558159320847	4.396799070707856e-05
livG	0.5213247567979192	4.5099563110635625e-05
hybC	0.3758937807435154	4.804013033441984e-05
yhhS	0.6629997429109256	4.8597164865244675e-05
ldcC	0.4838850307089153	4.92987873631587e-05
rhlE	0.6171052347800902	4.92987873631587e-05
fabR	0.5619077678077272	4.92987873631587e-05
gntP	0.5285167629770411	4.92987873631587e-05
radD	0.49580948094368094	4.982754910462861e-05
ilvD	0.6325072098426148	5.194253973717648e-05
tesB	0.4383335734785755	5.33421938471525e-05
yphG	0.46322662480071763	5.472618948691889e-05
rrlH	0.5186771535515622	6.588534117322288e-05
rrlD	0.49432046158631693	6.588534117322288e-05
rrlG	0.49432046158631693	6.588534117322288e-05
rrlC	0.5016939370397511	6.588534117322288e-05
gspA	0.568219980569134	6.588534117322288e-05
rrlE	0.49432046158631693	6.588534117322288e-05
rrlB	0.49432046158631693	6.588534117322288e-05
rrlA	0.4840820792638837	6.588534117322288e-05
nadR	0.5746997449233106	6.588534117322288e-05
malI	0.392502812511553	6.615243391823458e-05
ggt	0.4868987691710977	6.80574524020228e-05
rsxD	0.469789243104287	6.81064133029041e-05
gatC	0.47720330630627084	7.460072510191857e-05
yheS	0.5446940456599633	7.655894872582512e-05
yhjH	0.4048480018272288	7.655894872582512e-05
bioA	0.424140179122407	7.958918327739918e-05
rhsD	0.45180062557722933	8.346278255147803e-05
xthA	0.4481996070609455	9.031842614261218e-05
ynjB	0.7309838799291823	9.057127587894496e-05
allR	0.4767009805120743	9.057127587894496e-05
yegL	0.4722772110681173	9.283788647668974e-05
ycaO	0.4441343196577605	9.386054549393404e-05
ynfK	0.42508681925817665	9.672323906423456e-05
gatZ	0.5972304995125615	9.684693603683481e-05
proB	0.40703970386813415	9.716630653442642e-05
yafT	0.5198082810131488	9.795774531689175e-05
ydjX	0.4797227292825381	9.830856599674388e-05
yacC	0.8184154877487391	0.00010116882007652847
yahK	0.4681793258654542	0.00010485066997576008
yegI	0.3948475038910883	0.00010959551428404802
speF	0.37205662831793274	0.00010996409956698502
ves	0.6139960961789377	0.00011173265851714822
yajI	0.44590030753580323	0.00011420698083843843
kdpC	0.6297221585686689	0.00012147445444681919
insH-11	0.38303456182625617	0.00012147445444681919
insH-10	0.38303456182625617	0.00012147445444681919
insH-1	0.38303456182625617	0.00012147445444681919
insH-2	0.38303456182625617	0.00012147445444681919
insH-7	0.38303456182625617	0.00012147445444681919
insH-3	0.38303456182625617	0.00012147445444681919
insH-4	0.38303456182625617	0.00012147445444681919
insH-9	0.38303456182625617	0.00012147445444681919
insH-8	0.38303456182625617	0.00012147445444681919
ydhT	0.48115514986815494	0.00012147445444681919
insH-6	0.38303456182625617	0.00012236094315870276
proP	0.7056315668342031	0.00012490754941636462
stfR	0.7769054744473037	0.00014291296292429648
nrdF	0.43598450569967256	0.00014392631180065095
yagF	0.4451588738617227	0.00014392631180065095
cysJ	0.5252327987218919	0.0001700440848021204
yjcC	0.45933513027774325	0.0001700440848021204
cynS	0.4520641231911839	0.00017292750634433155
prpE	0.4221361844672818	0.00017727577363160999
miaB	0.4950066151331209	0.00017782489022396628
yccS	0.5240947614645249	0.00018253686638177634
wrbA	0.5386315251524035	0.00018520852978509925
murE	0.6716465272254362	0.00018546812090420054
narL	0.5586670549961212	0.00018739677840189824
emrA	0.6406404868139176	0.00019693218611431637
ycgM	0.4398293196960245	0.00020521507779602986
rsmH	0.4386865457958017	0.0002064194781274155
uxuB	0.47452529314023584	0.00020778612717055198
ygeR	0.33315533844691997	0.00021030124218104288
puuE	0.5530715064943265	0.0002556755859166429
ispG	0.48692414715444676	0.0002565313864938852
fepA	0.4765672961020807	0.0002565313864938852
hflK	0.46895452423588835	0.0002713493370868986
ibpB	0.43862606214265126	0.00027142176733820105
plsB	0.5372900461623327	0.0002909561863460991
elfD	0.4646630291575784	0.00030002396942220273
hyfB	0.4388784792680771	0.0003043869765182265
gatA	0.5564169229885583	0.0003043869765182265
malZ	0.478593891981972	0.00033712317432226094
gltI	0.42621725255942405	0.00033712317432226094
ytjC	0.39464954793856727	0.00034254735480082735
frvB	0.4480114094812222	0.00034410886286984885
flhB	0.44304309418896654	0.00035374816755998463
malK	0.43166407598553563	0.000362068208187727
sxy	0.6236142949054646	0.0003695747884070667
proQ	0.631803355366271	0.00038545741110238897
dinB	0.5341685870165775	0.00038545741110238897
nagB	0.3644717313196942	0.00039009798826166993
lacI	0.697841228829599	0.00039990695632443414
fliJ	0.36473626753999033	0.00039992876151962185
yigM	0.4181472882845738	0.0004030663786390808
fecR	0.40014932695260347	0.00040621008081685457
ushA	0.5154581229701239	0.00040621008081685457
yffL	0.47772677865713603	0.00041738318636888393
yciC	0.4459944485717406	0.0004514870726914921
ydiK	0.4168892668865649	0.0004514870726914921
yojI	0.5053646179398502	0.0004579747289307205
rrsH	0.4707883552934152	0.00047834261210650994
rrsG	0.4707883552934152	0.0004974392428176741
rrsD	0.4707883552934152	0.0005029309853162706
rrsC	0.4707883552934152	0.0005029309853162706
rrsE	0.4707883552934152	0.0005056887547835829
rrsA	0.4707883552934152	0.0005056887547835829
rrsB	0.4707883552934152	0.0005056887547835829
lsrD	0.4951736504067321	0.0005105892211316912
truB	0.473644795478768	0.0005170063942557928
insAB-4	0.3634696894661213	0.0005951607588219752
cheA	0.4034290072595842	0.0006131516954339611
tilS	0.3284171500775819	0.0006131516954339611
aroG	0.4650363422453873	0.0006131516954339611
yjgN	0.40092886060908234	0.0006164224451197643
ybdK	0.5753242187398849	0.0006239833824262856
bglH	0.5757732516751111	0.0006239833824262856
murR	0.46047321851320616	0.0006268620690223785
hyfC	0.47225942955891825	0.0006695998801512008
nhoA	0.44281337207822624	0.0007079978763192794
gltB	0.47807876616780914	0.000727225085304008
mrr	0.49099796724916717	0.0007449956696037137
fcl	0.384581779774549	0.0007505686659838432
eptC	0.5222876878216034	0.000779332214263416
oxyR	0.4545595576612078	0.0007993588897239356
insAB-5	0.3634696894661213	0.0008099061613537438
insAB-6	0.3634696894661213	0.0008099061613537438
insAB-1	0.3634696894661213	0.0008099061613537438
ygfT	0.5866043416890471	0.0008370215214224053
btuF	0.516907452460693	0.0008506516256657537
fimF	0.5631778286722701	0.0008520760945281299
gsiB	0.4712835607427234	0.000866096839460428
nrdA	0.4184333399957494	0.0008725675277900961
xapA	0.6450972692522354	0.0008725675277900961
insAB-2	0.3634696894661213	0.0008725675277900961
insAB-3	0.3634696894661213	0.0008725675277900961
asnA	0.474087620623863	0.0008846900129166604
wzxE	0.5632094931964011	0.0009011234950135032
paoB	0.6313241578971451	0.0009031628497257288
ydeU	0.4514870368863677	0.0009031628497257288
hscC	0.6750695428692703	0.0009141940736512874
mnmG	0.44014385967829034	0.0009341114937657408
yiaJ	0.3953715916886832	0.0009341114937657408
ycaP	0.3371134654027832	0.0009579583912231852
treA	0.39740621893935046	0.0010352444656284451
sufD	0.39246813489063914	0.0010352444656284451
astD	0.529360782694747	0.0010542994416711205
znuB	0.5324613230163955	0.0011030260556588155
csdE	0.6107063208930845	0.0011030260556588155
lysP	0.4992543819249179	0.0011030260556588155
yjiH	0.38676561036593304	0.0011361860693383404
insH-5	0.37105249900044057	0.001152271050240561
bax	0.5821942453972838	0.0011611856823988554
gpsA	0.38480117467994834	0.001176046510794851
kdgK	0.40800364848774145	0.001176046510794851
nfrB	0.3806028597376398	0.0011967470100063258
aceA	0.4412353424715403	0.0012014886817674343
yfeZ	0.4400403680539238	0.001230069810425769
yaiZ	0.42568687969794883	0.001332048437875588
ygdH	0.5702423944196116	0.0013531710848677192
yfbK	0.5931799647238076	0.0013563253205244308
recD	0.45477042579721866	0.001437395520543745
opgH	0.4016523709790346	0.0015189516963370474
nikA	0.3669712315912322	0.001524312924175472
ulaG	0.49904255477939935	0.001524312924175472
sdaB	0.5224645267113959	0.001524312924175472
pdxA	0.621964660126329	0.001524312924175472
gspO	0.6242831181968271	0.0015936737610223654
ruvC	0.5339951855521565	0.0015936737610223654
ettA	0.43898079178067095	0.0016719299766806077
metH	0.44254579912535935	0.0016983303886884903
ybhH	0.5370899961644887	0.0016983303886884903
yeaV	0.4634536618074339	0.0017354044169859092
yiaW	0.4815925649949211	0.001814552098679633
hyi	0.5681281072743971	0.0018466742601854365
gltD	0.4730133781748426	0.001913100264286007
ydhS	0.40225882892117526	0.0020053651017359897
usg	0.6237411458897096	0.0020369722213215255
yjjW	0.4122906603889173	0.002070548947899432
ruvA	0.35804079706024283	0.002089431370344353
ycaL	0.4041106895369808	0.0021326039329717236
fadB	0.5820332879370781	0.002143117880059681
ygbE	0.642944698741034	0.002143117880059681
nlpD	0.4146872158805553	0.0021673357988619473
afuB	0.5715566091864072	0.0021747675565809673
glnE	0.4681640677392565	0.002361387398638807
hyfD	0.48835112515753165	0.002470133403740203
gspG	0.4671098910725588	0.0025606340001633264
yqhC	0.47339659643037035	0.0026591523672581246
ftsN	0.5746286047779918	0.0026611202344413477
yfaD	0.4544248175567776	0.0026725247567506594
aaeB	0.37680351350264163	0.002682177341914612
iap	0.40887754497791273	0.0026900230985054986
insEF-3	0.4346199812813989	0.0026900230985054986
insEF-2	0.4346199812813989	0.0026900230985054986
insEF-4	0.4346199812813989	0.0026900230985054986
G0-10700	0.5670298300846515	0.0026900230985054986
insEF-5	0.4346199812813989	0.0026900230985054986
insEF-1	0.4346199812813989	0.0026900230985054986
poxB	0.4648268352349009	0.0026900230985054986
phnJ	0.38922210576154875	0.002698925933026361
gsiA	0.432611222508447	0.002720208719009509
hyaE	0.5270717646075413	0.0027403406588704443
pncC	0.39627478160182317	0.0027403406588704443
ilvC	0.38385636386746663	0.002806975487595391
rnr	0.42663241341092	0.0029253180615446
rusA	0.609717733923944	0.002958872629394581
yadG	0.4635220490314274	0.0029865871435434048
paoD	0.37047189094363947	0.0029915217207511975
sbcC	0.6244985668893125	0.003235837518353152
ycjF	0.46922526897358524	0.003235837518353152
creD	0.4255170180190103	0.003335710336979662
narG	0.4539722191818539	0.0033507224179080567
hyaF	0.5072941577425717	0.003480596931087951
yjdN	0.5475877648342681	0.0034829409712831484
dtpB	0.45842190891986784	0.0035142982873461476
opgD	0.45546681264002337	0.0035413556048794173
rsxE	0.31769744046159415	0.003559320569994094
parE	0.5101413999337763	0.0037160540592548357
sufS	0.46787206561213845	0.0037362351110999223
frwD	0.4247136662548273	0.0037362351110999223
ydjA	0.4803763078646202	0.0037362351110999223
fliY	0.42804558433539713	0.0037471869194819676
thrC	0.681002927985442	0.0037596184824246525
paaF	0.40928949392795544	0.00380026092657776
ytjA	0.6023825710076584	0.003836016647950517
ilvA	0.46883698694345305	0.003920970580518962
yihF	0.36916222120275966	0.0039642340624935594
dcuB	0.41510402964352444	0.004038404557404124
eutQ	0.4736779113373803	0.004045254650132229
torS	0.44536373911024646	0.004119439613734831
srlE	0.4253838436884263	0.004119439613734831
pgpC	0.4632037973487093	0.004158545022453011
ytfB	0.5144988733663749	0.004230654576889137
yjcS	0.5706279901271412	0.004230654576889137
trkH	0.3952770833164735	0.004231987593244948
mhpF	0.3304392688591689	0.004318933236498531
hflC	0.38219336700712825	0.004324626818831978
frvX	0.5247276836653878	0.004443023819864938
nhaA	0.5132302657287002	0.004491387702165698
yegT	0.5171554001114577	0.004513902733913944
deoA	0.5601184683196946	0.004539932434436005
purH	0.4470859839002159	0.004680906621485842
phnL	0.3770426729124318	0.00470356779087146
dcm	0.4666106137795934	0.00470356779087146
sfmA	0.429860114985788	0.0048025619642162965
aqpZ	0.34862274340068405	0.00494029728573366
ykiA	0.43604946705888514	0.004979323744220781
abgR	0.46337517526907285	0.0050819827249316525
ydbK	0.47759010331256724	0.005160838686110336
lhr	0.5000173278731667	0.0051884402557720736
sucC	0.5902048376918307	0.00524087069934627
yjbB	0.47517604745455294	0.005257449177922437
ypjF	0.37522278438123524	0.005257449177922437
dinG	0.6477183140790043	0.005261504963046239
yaiP	0.44716180799135913	0.005341970850692592
ydgC	0.5197876390762775	0.0053748076773514715
yidQ	0.6065825214683348	0.005383998568757194
mqo	0.3943143495667811	0.0055448312380812015
artI	0.6976138521201332	0.005665272959350114
pgaB	0.3999456864708328	0.005665272959350114
phnD	0.4316828085788837	0.005665272959350114
betT	0.43586586789653636	0.005703285283748383
rhaD	0.3791229769751688	0.005814322640921978
dadA	0.43346261897589056	0.005914836584101271
yahI	0.45857416604268725	0.006033054295743715
yjeJ	0.44375925314889175	0.00606301803523722
tbpA	0.4665882704569197	0.00611840701113039
dinF	0.49132919402064934	0.00611840701113039
kefF	0.543190007423557	0.006195686435920968
rutA	0.538752621987185	0.006451299042889946
aer	0.3867466531785295	0.00645779076791937
insI-1	0.39007466644940764	0.006553272936318425
mrcB	0.4367363605059149	0.006553272936318425
sfmF	0.4749981027389268	0.006604887688517268
insI-3	0.39007466644940764	0.006751226370100967
insI-2	0.39007466644940764	0.006751226370100967
vsr	0.4661017053731235	0.006751226370100967
yhfU	0.49901974477428473	0.006881792061016929
phnF	0.4571248288060393	0.006998232172060183
nrfE	0.4427468928177574	0.007007452249523577
lacZ	0.5084643232421941	0.00703030619004946
yhjE	0.3533066774390833	0.0071847020652092
aroP	0.40030798296722775	0.00748630720787296
hybA	0.3840432841565726	0.007531846211994334
glgP	0.5139536717964232	0.007531846211994334
xanP	0.6456421778183966	0.007669452540795503
proA	0.40349044435812553	0.007669452540795503
mdtI	0.4653491513508698	0.007669452540795503
bdcA	0.3821154636525887	0.007669452540795503
astE	0.5900383863628578	0.0077910811979912354
recG	0.499433858130972	0.0077910811979912354
cvrA	0.42215022283474096	0.00785596359815161
xdhD	0.42746977814473136	0.007866521174039257
ompR	0.5033558318924172	0.007922228001147122
treC	0.5827694518923943	0.00796393902870711
djlA	0.4252707316916571	0.008026137939391867
flhC	0.5292763333824433	0.008170692416505785
pstB	0.4578588889642229	0.008196290272727145
oppD	0.4129742657948826	0.008602586549026115
guaA	0.4300319909575725	0.008603188503921078
yicJ	0.5135297385640201	0.008603188503921078
paaJ	0.5025716161308207	0.008701396322381313
rpoH	0.5042903120667238	0.008780303405471392
yajQ	0.39356774389197313	0.00880565599600093
murG	0.499167110252946	0.008841187852829323
thiP	0.5504087447072735	0.008981675340914354
rdgC	0.42794449537550894	0.009318446053196865
yjeI	0.5327078413992429	0.009483341809395076
ugpB	0.43413296562246606	0.009483341809395076
mepM	0.4888048003124997	0.009483341809395076
emrD	0.45287573043302903	0.009538078462434159
potD	0.5006747595554066	0.009558202055965938
adiA	0.6297572311387756	0.009558202055965938
ybeQ	0.6261994654313475	0.009636545654024555
glpB	0.4586503665138466	0.009896066108533885
hslV	0.34261407509154	0.010060587745031106
nanM	0.4054157470276139	0.010639123615815463
dacD	0.41671679414840174	0.01067301447367584
yfaU	0.5482697580505838	0.010948962633505113
eutA	0.4319333593594083	0.010948962633505113
hslU	0.32442483398358646	0.010961206150922937
norW	0.5619480070309266	0.011122129475188343
chbB	0.6831841277924404	0.011254924388034706
yfiC	0.4532948277795051	0.011254924388034706
tnaA	0.41124703356261594	0.011332413943164487
intB	0.5278708059847634	0.011378914748220337
nupX	0.501579649398909	0.011575690789798646
ubiI	0.35246935071907476	0.011663377026482166
malX	0.4271047211838571	0.011676347161742791
folC	0.5247734417739324	0.011676347161742791
mmuP	0.4585115641131498	0.011765322243040294
arnE	0.469366073604385	0.011785838550535504
treR	0.5042446762331976	0.01214279644464172
yecD	0.3388067776003833	0.01224233055539714
gpmM	0.4577749875065144	0.012256364740487068
araE	0.4826408712747511	0.01231633903463377
yahG	0.6136802985398144	0.01236373537523522
abgB	0.414059299979106	0.012412114487444363
fliL	0.5484140897337985	0.01242684484148061
fliI	0.3337418556937153	0.012638521234786874
gcd	0.4538089309989852	0.013148618969515842
yehX	0.5772938978614559	0.01354030339575914
fadI	0.54614198500204	0.013619297010016546
fixA	0.39105636818941664	0.013619297010016546
yhbV	0.4873152009804157	0.013664596136934513
priA	0.49144246912864437	0.013678308016697926
yqeF	0.5178988267005622	0.01386943679886165
prpR	0.4346730617156186	0.013913486432891368
glvC	0.46446289506663285	0.014167652358837525
rsgA	0.38588989797723694	0.014285727482924804
dnaK	0.5421315859911182	0.014285727482924804
yigL	0.42738672248891324	0.01437091430242239
opgG	0.5078552326924047	0.015017581447333912
zitB	0.48665976714277676	0.015120362645409651
ybaS	0.46736622802851063	0.01576375043640826
yidJ	0.4853376002557995	0.01576375043640826
ddpX	0.49836983512575533	0.01576375043640826
uvrA	0.4988545238885467	0.01612956822217567
insD	0.3847960573860294	0.016175069261160628
hypD	0.5000165954013536	0.016175069261160628
ydeO	0.41361299806846563	0.016199544774491943
insCD-3	0.347137108285551	0.016199544774491943
insCD-2	0.347137108285551	0.016199544774491943
insCD-6	0.347137108285551	0.016199544774491943
insCD-5	0.347137108285551	0.016199544774491943
insCD-4	0.347137108285551	0.016199544774491943
yeiW	0.5204734415288055	0.016199544774491943
xseA	0.37793101749897673	0.016199544774491943
citG	0.34760151164624475	0.016199544774491943
ccmH	0.35862438255700974	0.016199544774491943
insCD-1	0.347137108285551	0.016199544774491943
scpA	0.43412690197038284	0.016199544774491943
copA	0.4224056617325065	0.016227938503485036
rimM	0.6174916441863845	0.016339342397980513
yagH	0.4336928295489131	0.016403274362047495
glcB	0.46093835330510086	0.016411228385116536
yceI	0.3068887204067062	0.016437102454111695
ycaI	0.42314790573080446	0.016525297056784388
pgl	0.5540135923615618	0.016944892226401866
smrA	0.39124840236771	0.016944892226401866
gabP	0.41727032266640435	0.01701386292945895
codB	0.3684799748151378	0.017373902364090435
ebgA	0.45425495825644213	0.017411972107453325
treF	0.4616602653438785	0.01760120412313126
elfG	0.4456370016975138	0.01762833837648835
yedW	0.3844731013566757	0.017653363395769946
ydhB	0.5957209639247865	0.01767027884792435
flhA	0.37656735844988365	0.01795812272947655
araC	0.4471576130322494	0.018287576637989376
yfbU	0.509279184815977	0.018358162120461076
tfaD	0.48973496827452634	0.018581146802841602
ldtA	0.4249421348080763	0.018581146802841602
sfmD	0.5670902688643494	0.0187849513552475
ybhA	0.44028083983197996	0.01884946689431368
ymjA	0.474643913309192	0.019511656662052793
nudL	0.48300608307866266	0.01956891592679216
tehA	0.5156957920512144	0.01956891592679216
pspA	0.5281280306706524	0.019638201330639874
yijO	0.4226242620876253	0.019940230356566706
rhlB	0.3895188971541715	0.020038759173817082
ydgI	0.3729631749292345	0.020109782130704645
ppsA	0.43916723358224785	0.020223623868163322
purA	0.49087923025337477	0.020242362906592145
hisI	0.5859824769537141	0.020242362906592145
dnaE	0.4077473999188453	0.020369334640542934
hsdS	0.711601762766997	0.020389018687331437
yjgH	0.5081363732774153	0.020389018687331437
uvrD	0.39496175571951103	0.02049529617002846
ydfG	0.5047819030407992	0.020667890310999526
ycjU	0.4569517721862913	0.020676765737691588
ampC	0.5113448250294889	0.020676765737691588
moeA	0.4574258056572619	0.02102422497148735
kdpD	0.4748291123426598	0.02102422497148735
ansP	0.5630139091456771	0.021853113726463258
gspE	0.3964953884796767	0.02191543823330661
yiaG	0.4586234720566874	0.022247575226873966
lgt	0.2783790448167631	0.022397040759876082
coaE	0.42065787436423674	0.02241502068919637
entA	0.47799717229478783	0.022525089822635555
rep	0.4419271876581103	0.02288536565521827
betA	0.6271713953433968	0.023162646937516136
fxsA	0.46294903716968755	0.023214117447028483
yfeR	0.3871002052726256	0.02331490104647892
ydiQ	0.457718189846347	0.023321069866517486
yhiM	0.43666245136727677	0.023321069866517486
ygiM	0.5599949215357872	0.02345368204377178
fixB	0.501297839809526	0.02345368204377178
dadX	0.3945424358752053	0.023733433359921292
norV	0.39055077949158934	0.023990995431388863
nanT	0.5758713355122689	0.02426650742898765
uraA	0.37672322083526416	0.024474810843562372
gsk	0.3577256520947978	0.024474810843562372
iadA	0.5617758104967939	0.024612927423404225
puuB	0.4149082209696512	0.025191209637537106
ynbC	0.4199419099715103	0.025205708512962673
gadX	0.4747079371441766	0.026338135376758342
bcp	0.36211125529657384	0.026605627281675395
mdtB	0.4524958303411241	0.026716436415701213
ycjW	0.5108242092877868	0.026723904540568083
ldtC	0.6503143168392046	0.0268240613108194
yniB	0.34125932331096265	0.027307731595779813
yggC	0.47267209322224635	0.027419497564378562
ydcU	0.3620105430729068	0.02747003833869456
mhpD	0.47289995874079893	0.02747003833869456
yfaL	0.4499745700582876	0.02748294064894359
bcsF	0.3816282066615069	0.02748294064894359
php	0.44464573289539433	0.027665804013525256
yajL	0.5789440799475994	0.02812725421027991
rlmD	0.6297524475414313	0.02841286580909457
metG	0.48868592244751313	0.028437594984647208
ycjR	0.3746777934488023	0.028757359341671614
tonB	0.47962397356144815	0.028757359341671614
caiA	0.4487806438440698	0.028935728228147082
mlc	0.5851902480007833	0.02981000697074825
flgD	0.4291542398552972	0.02981000697074825
hyfG	0.40957470841040927	0.02981000697074825
torZ	0.3793235380346294	0.029853285809186003
mngA	0.5243853123221085	0.029853285809186003
gltP	0.4649798908311524	0.029940407795707613
galS	0.46453322877400016	0.03006747107373457
proX	0.400961755475499	0.03029459022731919
tauB	0.42630401069839857	0.030342728592251313
mscM	0.5816389993960074	0.030342728592251313
yjiY	0.43664941394631573	0.030429971547045197
mhpB	0.3839986263984673	0.030429971547045197
metE	0.5699038268127813	0.030621321930158957
osmY	0.5371841439840521	0.030691860947081293
hycC	0.43175907055450174	0.031243281689637355
hyaD	0.4498411968594116	0.031450813284964546
rsxG	0.6287341995169027	0.03171922537145681
rplR	0.3584709821653834	0.031748293151293606
pepP	0.42273901314513895	0.031748293151293606
yggN	0.4467014595424162	0.03209234277977927
ybbP	0.40590345889331	0.03210638856010289
hypA	0.48852572513970016	0.03219110176196235
ynfM	0.45573635194764184	0.03219110176196235
otsA	0.4141875848755944	0.03250773139707369
potE	0.4096866126027191	0.032604333592880265
baeS	0.4480951191777951	0.03298096879642613
yqhD	0.42511875117062553	0.03298096879642613
rbbA	0.38917111636252105	0.03298530250935304
ompG	0.4202559880750669	0.03502364155753925
garD	0.3986954855130877	0.035345884293141755
yghU	0.4070722137077002	0.035395839179506026
hofQ	0.37021804899783595	0.03560865053413169
flgG	0.45948420644266236	0.03572941548885997
ldtD	0.37954252343981926	0.03581637461056168
argA	0.3926466722857336	0.03584080896583866
bcsZ	0.5369226567949057	0.03586565782840934
actP	0.4511635131523873	0.03586565782840934
ybbW	0.38457902868745497	0.03621706783369729
ynbD	0.4481584297167752	0.03621955750491365
pheP	0.526198643991212	0.03622128474523277
aspA	0.42883376241386095	0.03631509169212876
ilvB	0.466680599652828	0.03637189563115855
slt	0.46178376023866935	0.03656272239125035
yebE	0.5016644804609898	0.03656272239125035
yfjY	0.5032580504398669	0.03656272239125035
yegE	0.4893437400085402	0.036706649535302546
speE	0.6301096439040954	0.03674653298838216
yhdX	0.4174450325886605	0.03732597465987047
ybhL	0.48134194914170597	0.03732597465987047
tsr	0.7187165468615415	0.03751595408386599
murP	0.4123356711533166	0.037807742174013226
yqcA	0.5553713791816046	0.03782475839152736
fryA	0.5196337520393435	0.03867331151886646
dicC	0.42389149612481347	0.03867331151886646
gudP	0.4514694733711792	0.03867331151886646
ung	0.7505366348119964	0.03887718293454029
ybaT	0.46350519026429193	0.03887779621217561
gltT	0.5489825466671787	0.03899282595350405
gltW	0.5489825466671787	0.03899282595350405
gltV	0.5489825466671787	0.03899282595350405
gltU	0.5489825466671787	0.03899282595350405
nirB	0.41995195282982944	0.03899282595350405
ymfQ	0.5681005362870031	0.039836628549135014
paaI	0.4285103078627217	0.04022432262820304
tdcD	0.37854216840970345	0.0404877539582092
thiF	0.3727701631139506	0.04049522514803747
macA	0.4985800283608107	0.040520743382080705
rsmC	0.3963787282295704	0.04057083621481552
glnP	0.29715513599666865	0.04079636342919455
sspB	0.47831707255183586	0.04112658290245316
yceB	0.569629629587895	0.041726717008031655
uup	0.4828331784231947	0.041726717008031655
erpA	0.4792124358015865	0.04194874825594865
qor	0.5402022513272569	0.04235866679679025
pck	0.4253777727913122	0.042526505926662614
intR	0.6101078427545626	0.04260727539188139
lplT	0.45773517559168303	0.0427269020723038
yggS	0.41018565538100027	0.042961106951768864
ydfU	0.6384773989924529	0.04339433988031706
fliD	0.4460338745690956	0.04346053152913625
yffP	0.36351598700806387	0.04421434513989752
yohF	0.3352389234700022	0.04421434513989752
yjhG	0.46920593223338053	0.044556211116585705
purF	0.6815252417397785	0.044976941061109076
folD	0.39315998666828067	0.044976941061109076
ygaM	0.36217494189448207	0.0451127906722438
trmD	0.5960407702293856	0.045241239765678766
tfaX	0.35169503821952874	0.04563975653561927
yfcH	0.33737108309375036	0.045914919768457976
cyoB	0.46685407284650277	0.04591826386512161
rplV	0.5265186825904128	0.04619760279828688
yajO	0.5516475314086509	0.046330059166607165
nepI	0.6800110199083353	0.046330059166607165
ykfA	0.39832639567983175	0.046330059166607165
yhdP	0.47554457827773994	0.04750934576789256
moaC	0.4750085459487464	0.047521610660262156
ykgJ	0.4440506213501898	0.04761483080416433
surA	0.45147316060833287	0.04767807368305543
menB	0.3648904443464143	0.04767807368305543
prpD	0.42429434074049044	0.04792673954523244
fepD	0.45914422868818294	0.04815179443059619
hyaB	0.4284612700912462	0.04834014984802611
ydaS	0.48316612068049003	0.048654746277409316
yghQ	0.5115273623475859	0.048654746277409316
napG	0.45361898674956125	0.04990634196741359
fabB	0.40196731850840184	0.04991856460308136
clsB	0.4391259745375502	0.04991856460308136
cstA	0.5007201008389232	0.04991856460308136
